Entity,Code,Year,Population
Cambodia,KHM,1800,2090000
Cambodia,KHM,1801,2090000
Cambodia,KHM,1802,2090000
Cambodia,KHM,1803,2090000
Cambodia,KHM,1804,2090000
Cambodia,KHM,1805,2090000
Cambodia,KHM,1806,2090000
Cambodia,KHM,1807,2090000
Cambodia,KHM,1808,2090000
Cambodia,KHM,1809,2090000
Cambodia,KHM,1810,2090000
Cambodia,KHM,1811,2090000
Cambodia,KHM,1812,2090000
Cambodia,KHM,1813,2090000
Cambodia,KHM,1814,2090000
Cambodia,KHM,1815,2090000
Cambodia,KHM,1816,2090000
Cambodia,KHM,1817,2090000
Cambodia,KHM,1818,2090000
Cambodia,KHM,1819,2090946
Cambodia,KHM,1820,2092839
Cambodia,KHM,1821,2095682
Cambodia,KHM,1822,2099478
Cambodia,KHM,1823,2104227
Cambodia,KHM,1824,2108988
Cambodia,KHM,1825,2113759
Cambodia,KHM,1826,2118541
Cambodia,KHM,1827,2123334
Cambodia,KHM,1828,2128137
Cambodia,KHM,1829,2132952
Cambodia,KHM,1830,2137777
Cambodia,KHM,1831,2142613
Cambodia,KHM,1832,2147461
Cambodia,KHM,1833,2152319
Cambodia,KHM,1834,2157188
Cambodia,KHM,1835,2162068
Cambodia,KHM,1836,2166959
Cambodia,KHM,1837,2171862
Cambodia,KHM,1838,2176775
Cambodia,KHM,1839,2181700
Cambodia,KHM,1840,2186635
Cambodia,KHM,1841,2191582
Cambodia,KHM,1842,2196540
Cambodia,KHM,1843,2201509
Cambodia,KHM,1844,2206490
Cambodia,KHM,1845,2211481
Cambodia,KHM,1846,2216484
Cambodia,KHM,1847,2221499
Cambodia,KHM,1848,2226524
Cambodia,KHM,1849,2231561
Cambodia,KHM,1850,2236610
Cambodia,KHM,1851,2241214
Cambodia,KHM,1852,2245827
Cambodia,KHM,1853,2250450
Cambodia,KHM,1854,2255082
Cambodia,KHM,1855,2259724
Cambodia,KHM,1856,2264375
Cambodia,KHM,1857,2269036
Cambodia,KHM,1858,2273706
Cambodia,KHM,1859,2278385
Cambodia,KHM,1860,2283075
Cambodia,KHM,1861,2287773
Cambodia,KHM,1862,2292482
Cambodia,KHM,1863,2297199
Cambodia,KHM,1864,2301927
Cambodia,KHM,1865,2306664
Cambodia,KHM,1866,2311411
Cambodia,KHM,1867,2316167
Cambodia,KHM,1868,2320933
Cambodia,KHM,1869,2327830
Cambodia,KHM,1870,2336875
Cambodia,KHM,1871,2348086
Cambodia,KHM,1872,2361482
Cambodia,KHM,1873,2377081
Cambodia,KHM,1874,2392783
Cambodia,KHM,1875,2408589
Cambodia,KHM,1876,2424499
Cambodia,KHM,1877,2440513
Cambodia,KHM,1878,2456634
Cambodia,KHM,1879,2472861
Cambodia,KHM,1880,2489195
Cambodia,KHM,1881,2505637
Cambodia,KHM,1882,2522187
Cambodia,KHM,1883,2538846
Cambodia,KHM,1884,2555616
Cambodia,KHM,1885,2572496
Cambodia,KHM,1886,2589487
Cambodia,KHM,1887,2606591
Cambodia,KHM,1888,2623807
Cambodia,KHM,1889,2641137
Cambodia,KHM,1890,2658582
Cambodia,KHM,1891,2676141
Cambodia,KHM,1892,2693817
Cambodia,KHM,1893,2711609
Cambodia,KHM,1894,2729518
Cambodia,KHM,1895,2747546
Cambodia,KHM,1896,2765692
Cambodia,KHM,1897,2783958
Cambodia,KHM,1898,2802345
Cambodia,KHM,1899,2820853
Cambodia,KHM,1900,2839483
Cambodia,KHM,1901,2858237
Cambodia,KHM,1902,2877113
Cambodia,KHM,1903,2896115
Cambodia,KHM,1904,2915242
Cambodia,KHM,1905,2934495
Cambodia,KHM,1906,2953875
Cambodia,KHM,1907,2973382
Cambodia,KHM,1908,2993019
Cambodia,KHM,1909,3005932
Cambodia,KHM,1910,3012110
Cambodia,KHM,1911,3011543
Cambodia,KHM,1912,3004219
Cambodia,KHM,1913,2990127
Cambodia,KHM,1914,2976101
Cambodia,KHM,1915,2962140
Cambodia,KHM,1916,2948245
Cambodia,KHM,1917,2934415
Cambodia,KHM,1918,2921252
Cambodia,KHM,1919,2908148
Cambodia,KHM,1920,2895102
Cambodia,KHM,1921,2882116
Cambodia,KHM,1922,2869187
Cambodia,KHM,1923,2856316
Cambodia,KHM,1924,2843504
Cambodia,KHM,1925,2830748
Cambodia,KHM,1926,2818050
Cambodia,KHM,1927,2805409
Cambodia,KHM,1928,2792824
Cambodia,KHM,1929,2787341
Cambodia,KHM,1930,2788985
Cambodia,KHM,1931,2797784
Cambodia,KHM,1932,2813763
Cambodia,KHM,1933,2836950
Cambodia,KHM,1934,2860329
Cambodia,KHM,1935,2883900
Cambodia,KHM,1936,2907665
Cambodia,KHM,1937,2931626
Cambodia,KHM,1938,2955785
Cambodia,KHM,1939,2998703
Cambodia,KHM,1940,3061261
Cambodia,KHM,1941,3144376
Cambodia,KHM,1942,3249001
Cambodia,KHM,1943,3376129
Cambodia,KHM,1944,3508231
Cambodia,KHM,1945,3645501
Cambodia,KHM,1946,3788143
Cambodia,KHM,1947,3936366
Cambodia,KHM,1948,4090389
Cambodia,KHM,1949,4238572
Cambodia,KHM,1950,4375252
Cambodia,KHM,1951,4475694
Cambodia,KHM,1952,4577965
Cambodia,KHM,1953,4680458
Cambodia,KHM,1954,4783832
Cambodia,KHM,1955,4890375
Cambodia,KHM,1956,4999483
Cambodia,KHM,1957,5110435
Cambodia,KHM,1958,5220837
Cambodia,KHM,1959,5332933
Cambodia,KHM,1960,5449964
Cambodia,KHM,1961,5571174
Cambodia,KHM,1962,5697559
Cambodia,KHM,1963,5823012
Cambodia,KHM,1964,5946186
Cambodia,KHM,1965,6072288
Cambodia,KHM,1966,6201235
Cambodia,KHM,1967,6332946
Cambodia,KHM,1968,6467323
Cambodia,KHM,1969,6604731
Cambodia,KHM,1970,6639187
Cambodia,KHM,1971,6620880
Cambodia,KHM,1972,6673890
Cambodia,KHM,1973,6739737
Cambodia,KHM,1974,6783251
Cambodia,KHM,1975,6581373
Cambodia,KHM,1976,6134989
Cambodia,KHM,1977,5668561
Cambodia,KHM,1978,5211654
Cambodia,KHM,1979,5088812
Cambodia,KHM,1980,5199874
Cambodia,KHM,1981,5284493
Cambodia,KHM,1982,5436436
Cambodia,KHM,1983,5636206
Cambodia,KHM,1984,5845115
Cambodia,KHM,1985,6043782
Cambodia,KHM,1986,6285699
Cambodia,KHM,1987,6557971
Cambodia,KHM,1988,6812012
Cambodia,KHM,1989,7073472
Cambodia,KHM,1990,7374754
Cambodia,KHM,1991,7686857
Cambodia,KHM,1992,8113085
Cambodia,KHM,1993,8616383
Cambodia,KHM,1994,9239160
Cambodia,KHM,1995,10018500
Cambodia,KHM,1996,10801268
Cambodia,KHM,1997,11570986
Cambodia,KHM,1998,12058180
Cambodia,KHM,1999,12265734
Cambodia,KHM,2000,12462343
Cambodia,KHM,2001,12658486
Cambodia,KHM,2002,12855249
Cambodia,KHM,2003,13050977
Cambodia,KHM,2004,13244737
Cambodia,KHM,2005,13439203
Cambodia,KHM,2006,13639032
Cambodia,KHM,2007,13841773
Cambodia,KHM,2008,14053479
Cambodia,KHM,2009,14276819
Cambodia,KHM,2010,14500730
Cambodia,KHM,2011,14722587
Cambodia,KHM,2012,14945090
Cambodia,KHM,2013,15170210
Cambodia,KHM,2014,15396771
Cambodia,KHM,2015,15623253
Cambodia,KHM,2016,15852802
Cambodia,KHM,2017,16073374
Cambodia,KHM,2018,16274522
Cambodia,KHM,2019,16481305
Cambodia,KHM,2020,16725484
Cambodia,KHM,2021,16974309
Cambodia,KHM,2022,17201721
Cambodia,KHM,2023,17423884